target,effectif,proportion,pourcentage
Dropout,1421,0.3212025316455696,32.12
Enrolled,794,0.1794755877034358,17.95
Graduate,2209,0.4993218806509946,49.93
