cluster_kmeans,target,effectif,total_cluster,proportion,pourcentage
1,Dropout,578,3188,0.18130489335006272,18.13
1,Enrolled,672,3188,0.2107904642409034,21.08
1,Graduate,1938,3188,0.6079046424090339,60.79
2,Dropout,73,300,0.24333333333333335,24.33
2,Enrolled,39,300,0.13,13
2,Graduate,188,300,0.6266666666666667,62.67
3,Dropout,770,936,0.8226495726495726,82.26
3,Enrolled,83,936,0.08867521367521368,8.87
3,Graduate,83,936,0.08867521367521368,8.87
