cluster_kmeans,effectif,proportion_dropout,proportion_enrolled,proportion_graduate,admission_grade_moyenne,curricular_units_1st_sem_approved_moyenne,curricular_units_2nd_sem_approved_moyenne,curricular_units_1st_sem_grade_moyenne,curricular_units_2nd_sem_grade_moyenne
1,74,64.86,17.57,17.57,125.7418918918919,3.418918918918919,2.972972972972973,7.165457114207114,5.223983666483666
2,619,18.26,17.12,64.62,145.7508885298869,5.466882067851373,5.245557350565428,12.911069008382523,12.54848510052145
3,2158,14.97,20.67,64.37,122.69142724745134,5.436978683966636,5.345227062094532,12.647462842699984,12.513881861277946
4,619,79.48,9.21,11.31,125.87609046849758,0.22778675282714056,0.08077544426494346,1.3791868605277329,0.6159127625201939
5,585,36.58,16.24,47.18,124.65897435897436,6.434188034188034,5.685470085470086,11.54054845539658,11.16904685447603
6,369,62.6,20.87,16.53,126.32953929539295,4.1924119241192415,3.3766937669376693,9.904164710628125,8.629386401764451
