cluster_kmeans,target,effectif,total_cluster,proportion,pourcentage
1,Dropout,757,929,0.8148546824542519,81.49
1,Enrolled,89,929,0.09580193756727665,9.58
1,Graduate,83,929,0.08934337997847147,8.93
2,Dropout,664,3495,0.1899856938483548,19
2,Enrolled,705,3495,0.2017167381974249,20.17
2,Graduate,2126,3495,0.6082975679542203,60.83
