cluster,effectif,silhouette_moyenne,silhouette_min,silhouette_q1,silhouette_mediane,silhouette_q3,silhouette_max,niveau
1,929,0.35617574568328153,-0.12285783824879677,0.25477355002227764,0.4119524015022634,0.5045245096267814,0.557245898698279,moderee
2,3495,0.5488279994151539,0.020462555924260953,0.4861854934735784,0.5975833119020582,0.6529207659496812,0.6859538475412226,stable
